Plant ID,Genotype,CBGA Concentration (% w/w)
1,AG,2.159987639
2,GG,0.546450739
3,AG,2.646536237
4,AG,2.142824291
5,AA,5.432887256
6,AA,4.73691646
7,AA,3.904348251
8,GG,0.631310722
9,AG,2.012659165
10,AG,2.893542302
11,AA,5.07929779
12,GG,0.335863536
13,GG,0.692675226
14,AA,4.706390463
15,AA,4.91103008
16,AA,5.448396491
17,AG,2.377305942
18,AG,2.123131918
19,AG,2.055242785
20,AG,2.092094858
21,AG,2.461449145
22,AA,4.670575987
23,AG,2.6383454
24,AG,2.913591625
25,AG,2.506500946
26,GG,0.790706815
27,AA,4.367671583
28,AG,3.860084583
29,AG,2.812833674
30,AA,4.071421222
31,AG,1.964553751
32,AA,4.741236208
33,AA,4.388268607
34,GG,0.642800099
35,GG,0.594647525
36,GG,0.485434217
37,AG,2.076603141
38,AA,3.742576388
39,AG,2.276742524
40,AG,2.928199397
41,AA,4.607046872
42,AG,1.877130611
43,AA,4.586590463
44,GG,0.577063476
45,AG,2.058071282
46,AG,2.576862553
47,AG,2.529104359
48,AG,1.928514851
49,AG,2.67889368
50,AA,4.780392263
51,GG,0.716610249
52,GG,0.71076041
53,GG,0.224466126
54,GG,0.312434992
55,AG,2.757517634
56,GG,0.60275719
57,AA,4.757523843
58,AA,6.426365745
59,AA,4.785445255
60,AG,3.06778282
61,AG,2.977000882
62,AG,2.825695626
63,GG,0.436946151
64,AG,2.87948461
65,AG,2.113587393
66,AG,2.381590697
67,AA,4.257318226
68,GG,0.516374828
69,AA,5.657329283
70,GG,0.126546961
71,GG,0.637252038
72,AA,3.693642064
73,AA,4.264034067
74,GG,0.717790119
75,AG,2.53214001
76,AG,1.961127611
77,GG,0.356939258
78,AA,4.839798874
79,AG,2.134816684
80,AA,4.608229295
81,GG,0.509114368
82,AG,2.174199826
83,AG,3.571972045
84,AA,4.816959511
85,AG,1.487428707
86,AG,2.593227157
87,AG,2.169106768
88,AG,2.926216667
89,GG,0.341495852
90,AG,2.442631779
91,AA,4.752493639
92,AG,2.932877597
93,GG,0.259940719
94,AG,2.332749382
95,GG,0.405010938
96,AG,2.173335384
97,AG,3.38272712
98,AG,2.702490855
99,AA,3.869558023
100,AA,4.958930974
101,AA,5.561078099
102,AG,3.01623263
103,AG,1.740315017
104,AG,2.257882964
105,GG,0.75338223
106,AA,4.146165267
107,AG,2.721909714
108,GG,0.654926811
109,AA,4.036534764
110,AA,4.470237322
111,AG,0.87936633
112,AA,3.987806179
113,GG,0.44948637
114,GG,0.250443364
115,AG,3.316205652
116,GG,0.213971724
117,GG,0.411991103
118,AA,4.565370289
119,GG,0.788254658
120,AG,1.782068924
121,GG,0.73263275
122,GG,0.502046612
123,AG,2.009245674
124,AA,4.731051737
125,AA,4.599529848
126,AG,2.199891561
127,GG,0.513960417
128,GG,0.422937281
129,AA,4.556758673
130,AG,2.831065337
131,AG,3.293008408
132,AA,3.881092251
133,AA,5.566516687
134,AG,1.5239561
135,GG,0.469642981
136,AG,2.794158603
137,AG,2.640495934
138,AG,2.18865024
139,AG,2.395938875
140,GG,0.401399813
141,GG,0.382127049
142,AG,2.924801049
143,AG,2.678507743
144,AG,2.153545202
145,AG,2.949799938
146,AA,4.65364976
147,AG,2.906431059
148,AG,2.814814421
149,AA,4.085502495
150,AG,2.21990948
151,GG,0.649458721
152,AA,4.805185133
153,AA,4.489549203
154,AG,2.558663692
155,GG,0.755532979
156,AA,4.204214306
157,AG,2.773548691
158,GG,0.45956147
159,AA,4.391159398
160,AG,3.049388426
161,AG,2.912708174
162,AG,2.906754818
163,AG,3.152739404
164,AG,2.510501921
165,AA,4.840976486
166,GG,0.437946649
167,AG,2.662083176
168,AA,4.434928473
169,AA,4.548497982
170,AG,2.797578513
171,AG,2.090889658
172,AA,5.546193638
173,AG,1.996991309
174,AA,3.892905694
175,AG,3.079055437
176,AA,4.895831347
177,AG,2.812059909
178,AG,2.814172755
179,GG,0.497550645
180,AA,4.051372814
181,AG,2.537902279
182,AA,4.161419144
183,GG,0.695023947
184,GG,0.470588524
185,AG,2.087251402
186,AG,2.339307079
187,GG,0.582586291
188,AG,2.218137724
189,AG,2.088889802
190,AA,4.621843606
191,AA,4.622483286
192,GG,0.398611365
193,GG,0.405792339
194,AG,2.616024969
195,AG,1.775957829
196,AG,1.796268113
197,AG,2.140777889
198,GG,0.45731057
199,GG,0.562181513
200,GG,0.795071243